[
  {
    "id": "job-1761833734301",
    "jobCode": "0753",
    "jobNumber": "",
    "name": "Badsey 35",
    "siteAddress": "Avalon Grove\nBadsey\nWorcs\nWR11 4ZF",
    "siteManager": "",
    "sitePhone": "",
    "client": "",
    "notes": "",
    "active": true,
    "createdAt": "2025-10-30T14:15:34.301Z",
    "updatedAt": "2025-10-30T14:15:34.301Z"
  },
  {
    "id": "job-1761838905117",
    "jobCode": "0754",
    "jobNumber": "",
    "name": "Badsey 36",
    "siteAddress": "Avalon Grove\nBadsey\nWorcester\nWR11 4ZF",
    "siteManager": "",
    "sitePhone": "",
    "client": "",
    "notes": "",
    "active": true,
    "createdAt": "2025-10-30T15:41:45.117Z",
    "updatedAt": "2025-10-30T15:41:45.117Z"
  },
  {
    "id": "job-1762437753790",
    "jobCode": "0760",
    "jobNumber": "",
    "name": "Drakes Brougton 25",
    "siteAddress": "Freshfields\nStonebow Road\nDrakes Broughton\nWR10 2AP",
    "siteManager": "",
    "sitePhone": "",
    "client": "",
    "notes": "",
    "active": true,
    "createdAt": "2025-11-06T14:02:33.790Z",
    "updatedAt": "2025-11-06T14:02:33.790Z"
  }
]