[
  {
    "Cost Code": "Cost Code",
    "Sub-Heading": "Sub-Heading",
    "Trade": "Trade",
    "Element": "Element"
  },
  {
    "Cost Code": 1100,
    "Sub-Heading": "Land",
    "Trade": "Vendor",
    "Element": "Land Cost"
  },
  {
    "Cost Code": 1110,
    "Sub-Heading": "Land",
    "Trade": "GOV",
    "Element": "VAT on Land Purchase"
  },
  {
    "Cost Code": 1120,
    "Sub-Heading": "Land",
    "Trade": "GOV",
    "Element": "Stamp Duty - Incl VAT if applicable"
  },
  {
    "Cost Code": 1130,
    "Sub-Heading": "Land",
    "Trade": "Consultant",
    "Element": "Legal Fees - Solicitor"
  },
  {
    "Cost Code": 1140,
    "Sub-Heading": "Land",
    "Trade": "Consultant",
    "Element": "Option Fees"
  },
  {
    "Cost Code": 1150,
    "Sub-Heading": "Land",
    "Trade": "Consultant",
    "Element": "Selling Agent Fees -"
  },
  {
    "Cost Code": 1160,
    "Sub-Heading": "Land",
    "Trade": "Vendor",
    "Element": "Sundy Land Costs - Overage Payments"
  },
  {
    "Cost Code": 1170,
    "Sub-Heading": "Fees",
    "Trade": "Consultant",
    "Element": "Planning Application & Supporting Fees"
  },
  {
    "Cost Code": 1180,
    "Sub-Heading": "Fees",
    "Trade": "Consultant",
    "Element": "Site Investigation "
  },
  {
    "Cost Code": 1190,
    "Sub-Heading": "Fees",
    "Trade": "Consultant",
    "Element": "Archaeology"
  },
  {
    "Cost Code": 1200,
    "Sub-Heading": "Fees",
    "Trade": "Consultant",
    "Element": "Contamination"
  },
  {
    "Cost Code": 1210,
    "Sub-Heading": "Fees",
    "Trade": "Consultant",
    "Element": "Design Fees"
  },
  {
    "Cost Code": 1220,
    "Sub-Heading": "Fees",
    "Trade": "Consultant",
    "Element": "Architects - Post Planning"
  },
  {
    "Cost Code": 1230,
    "Sub-Heading": "Fees",
    "Trade": "Consultant",
    "Element": "Engineers"
  },
  {
    "Cost Code": 1240,
    "Sub-Heading": "Fees",
    "Trade": "Consultant",
    "Element": "Surveys"
  },
  {
    "Cost Code": 1250,
    "Sub-Heading": "Fees",
    "Trade": "Consultant",
    "Element": "NHBC Bond Fees"
  },
  {
    "Cost Code": 1260,
    "Sub-Heading": "Fees",
    "Trade": "Consultant",
    "Element": "Insurance"
  },
  {
    "Cost Code": 1270,
    "Sub-Heading": "Fees",
    "Trade": "Consultant",
    "Element": "Planning Consultants"
  },
  {
    "Cost Code": 1280,
    "Sub-Heading": "Fees",
    "Trade": "Consultant",
    "Element": "Highways Consultants"
  },
  {
    "Cost Code": 1290,
    "Sub-Heading": "Fees",
    "Trade": "Consultant",
    "Element": "Environmental Consultants"
  },
  {
    "Cost Code": 1300,
    "Sub-Heading": "Fees",
    "Trade": "Consultant",
    "Element": "M&E Consultants"
  },
  {
    "Cost Code": 1310,
    "Sub-Heading": "Fees",
    "Trade": "LA",
    "Element": "Sewers Adoption (s104):"
  },
  {
    "Cost Code": 1320,
    "Sub-Heading": "Fees",
    "Trade": "LA",
    "Element": "Highways Adoption (s18/38):"
  },
  {
    "Cost Code": 1330,
    "Sub-Heading": "Fees",
    "Trade": "LA",
    "Element": "S278 Fees"
  },
  {
    "Cost Code": 1340,
    "Sub-Heading": "Fees",
    "Trade": "LA",
    "Element": "Building Regulation Fees"
  },
  {
    "Cost Code": 1350,
    "Sub-Heading": "Fees",
    "Trade": "LA",
    "Element": "Planning Fees"
  },
  {
    "Cost Code": 1360,
    "Sub-Heading": "Fees",
    "Trade": "Consultant",
    "Element": "SAP Calculations"
  },
  {
    "Cost Code": 1370,
    "Sub-Heading": "Fees",
    "Trade": "Consultant",
    "Element": "Air Tests"
  },
  {
    "Cost Code": 1380,
    "Sub-Heading": "Fees",
    "Trade": "Consultant",
    "Element": "NHBC - Warranty & Build control"
  },
  {
    "Cost Code": 1400,
    "Sub-Heading": "Fees",
    "Trade": "Lender",
    "Element": "Finance lenders Fees"
  },
  {
    "Cost Code": 1410,
    "Sub-Heading": "Fees",
    "Trade": "Consultant",
    "Element": "Other Fees"
  },
  {
    "Cost Code": 2100,
    "Sub-Heading": "Prelims",
    "Trade": "Direct",
    "Element": "Site Manager"
  },
  {
    "Cost Code": 2101,
    "Sub-Heading": "Prelims",
    "Trade": "Direct",
    "Element": "Assistant Site Manager"
  },
  {
    "Cost Code": 2110,
    "Sub-Heading": "Prelims",
    "Trade": "Direct",
    "Element": "Direct Staff Bonuses"
  },
  {
    "Cost Code": 2120,
    "Sub-Heading": "Prelims",
    "Trade": "Direct",
    "Element": "Direct Staff NIC on Bonuses"
  },
  {
    "Cost Code": 2130,
    "Sub-Heading": "Prelims",
    "Trade": "Direct",
    "Element": "NIC on Salary"
  },
  {
    "Cost Code": 2140,
    "Sub-Heading": "Prelims",
    "Trade": "Direct",
    "Element": "Pension"
  },
  {
    "Cost Code": 2150,
    "Sub-Heading": "Prelims",
    "Trade": "Direct",
    "Element": "Forklift Driver - Direct"
  },
  {
    "Cost Code": 2151,
    "Sub-Heading": "Prelims",
    "Trade": "Agency",
    "Element": "Forklift Driver - Agency"
  },
  {
    "Cost Code": 2160,
    "Sub-Heading": "Prelims",
    "Trade": "Direct",
    "Element": "Labourer - Direct"
  },
  {
    "Cost Code": 2161,
    "Sub-Heading": "Prelims",
    "Trade": "Agency",
    "Element": "Labourer - Agency"
  },
  {
    "Cost Code": 2170,
    "Sub-Heading": "Prelims",
    "Trade": "Agency",
    "Element": "Site staff - Holiday Cover"
  },
  {
    "Cost Code": 2180,
    "Sub-Heading": "Prelims",
    "Trade": "Sub-Con",
    "Element": "Principle Contractor Set-Up"
  },
  {
    "Cost Code": 2190,
    "Sub-Heading": "Prelims",
    "Trade": "Plant Hire",
    "Element": "Forklift Truck"
  },
  {
    "Cost Code": 2191,
    "Sub-Heading": "Prelims",
    "Trade": "Plant Hire",
    "Element": "Generator"
  },
  {
    "Cost Code": 2200,
    "Sub-Heading": "Prelims",
    "Trade": "Plant Hire",
    "Element": "Site Office"
  },
  {
    "Cost Code": 2201,
    "Sub-Heading": "Prelims",
    "Trade": "Plant Hire",
    "Element": "Site Cabins"
  },
  {
    "Cost Code": 2202,
    "Sub-Heading": "Prelims",
    "Trade": "Plant Hire",
    "Element": "Containers"
  },
  {
    "Cost Code": 2210,
    "Sub-Heading": "Prelims",
    "Trade": "Plant Hire",
    "Element": "Oasis Unit"
  },
  {
    "Cost Code": 2211,
    "Sub-Heading": "Prelims",
    "Trade": "Material",
    "Element": "Fuel"
  },
  {
    "Cost Code": 2220,
    "Sub-Heading": "Prelims",
    "Trade": "Sub-Con",
    "Element": "Compound  - Groundworks"
  },
  {
    "Cost Code": 2230,
    "Sub-Heading": "Prelims",
    "Trade": "Utility",
    "Element": "Site Electric Usage"
  },
  {
    "Cost Code": 2231,
    "Sub-Heading": "Prelims",
    "Trade": "Utility",
    "Element": "Site Water Usage"
  },
  {
    "Cost Code": 2232,
    "Sub-Heading": "Prelims",
    "Trade": "Utility",
    "Element": "TBS"
  },
  {
    "Cost Code": 2240,
    "Sub-Heading": "Prelims",
    "Trade": "Utility",
    "Element": "Plot Utility Bills Pre-Handover"
  },
  {
    "Cost Code": 2250,
    "Sub-Heading": "Prelims",
    "Trade": "Plant Hire",
    "Element": "Road Cleaning - F Lift Road brush"
  },
  {
    "Cost Code": 2260,
    "Sub-Heading": "Prelims",
    "Trade": "Plant Hire",
    "Element": "Road Cleaning - Road sweep"
  },
  {
    "Cost Code": 2270,
    "Sub-Heading": "Prelims",
    "Trade": "Material",
    "Element": "Tipping Skips"
  },
  {
    "Cost Code": 2280,
    "Sub-Heading": "Prelims",
    "Trade": "Plant Hire",
    "Element": "Skips"
  },
  {
    "Cost Code": 2290,
    "Sub-Heading": "Prelims",
    "Trade": "Material",
    "Element": "Pallets "
  },
  {
    "Cost Code": 2300,
    "Sub-Heading": "Prelims",
    "Trade": "Material",
    "Element": "Bulk Items"
  },
  {
    "Cost Code": 2310,
    "Sub-Heading": "Prelims",
    "Trade": "Material",
    "Element": "PPE"
  },
  {
    "Cost Code": 2311,
    "Sub-Heading": "Prelims",
    "Trade": "Material",
    "Element": "Site consumables"
  },
  {
    "Cost Code": 2320,
    "Sub-Heading": "Prelims",
    "Trade": "Material",
    "Element": "Pedestrian Barriers"
  },
  {
    "Cost Code": 2321,
    "Sub-Heading": "Prelims",
    "Trade": "Material",
    "Element": "Heras Fencing"
  },
  {
    "Cost Code": 2330,
    "Sub-Heading": "Prelims",
    "Trade": "Plant Hire",
    "Element": "Security - Cameras"
  },
  {
    "Cost Code": 2340,
    "Sub-Heading": "Prelims",
    "Trade": "Agency",
    "Element": "Security - Static guards"
  },
  {
    "Cost Code": 2350,
    "Sub-Heading": "Prelims",
    "Trade": "Misc.",
    "Element": "Contingency"
  },
  {
    "Cost Code": 3100,
    "Sub-Heading": "R&S",
    "Trade": "Sub-Con",
    "Element": "Groundworker Prelims"
  },
  {
    "Cost Code": 3110,
    "Sub-Heading": "R&S",
    "Trade": "Sub-Con",
    "Element": "Duct Crossings"
  },
  {
    "Cost Code": 3120,
    "Sub-Heading": "R&S",
    "Trade": "Sub-Con",
    "Element": "Footpaths to Base"
  },
  {
    "Cost Code": 3130,
    "Sub-Heading": "R&S",
    "Trade": "Sub-Con",
    "Element": "Saw cut & break out road for kerb install to channel / laybys"
  },
  {
    "Cost Code": 3140,
    "Sub-Heading": "R&S",
    "Trade": "Sub-Con",
    "Element": "White Lining"
  },
  {
    "Cost Code": 3150,
    "Sub-Heading": "R&S",
    "Trade": "Sub-Con",
    "Element": "Street Name Plates - Install"
  },
  {
    "Cost Code": 3160,
    "Sub-Heading": "R&S",
    "Trade": "Sub-Con",
    "Element": "R&S - REMEDIALS:"
  },
  {
    "Cost Code": 3170,
    "Sub-Heading": "R&S",
    "Trade": "Sub-Con",
    "Element": "Electricity Mains - Mains & Connections"
  },
  {
    "Cost Code": 3180,
    "Sub-Heading": "R&S",
    "Trade": "Sub-Con",
    "Element": "Gas Mains"
  },
  {
    "Cost Code": 3190,
    "Sub-Heading": "R&S",
    "Trade": "Sub-Con",
    "Element": "Water Mains - Laying & Connection"
  },
  {
    "Cost Code": 3200,
    "Sub-Heading": "R&S",
    "Trade": "Sub-Con",
    "Element": "Telephone Mains"
  },
  {
    "Cost Code": 3210,
    "Sub-Heading": "R&S",
    "Trade": "Sub-Con",
    "Element": "Fibre"
  },
  {
    "Cost Code": 3220,
    "Sub-Heading": "R&S",
    "Trade": "Sub-Con",
    "Element": "Street Lights - Supply & Install Columns"
  },
  {
    "Cost Code": 3230,
    "Sub-Heading": "R&S",
    "Trade": "Sub-Con",
    "Element": "Street Lighting Connections"
  },
  {
    "Cost Code": 3240,
    "Sub-Heading": "R&S",
    "Trade": "Sub-Con",
    "Element": "Public Open Space & Play Areas"
  },
  {
    "Cost Code": 3250,
    "Sub-Heading": "R&S",
    "Trade": "Sub-Con",
    "Element": "Play Equipment"
  },
  {
    "Cost Code": 3260,
    "Sub-Heading": "R&S",
    "Trade": "Sub-Con",
    "Element": "Hard Landscaping"
  },
  {
    "Cost Code": 3270,
    "Sub-Heading": "R&S",
    "Trade": "Sub-Con",
    "Element": "Roads & Sewers Contingency"
  },
  {
    "Cost Code": 3500,
    "Sub-Heading": "Plot",
    "Trade": "Sub-con",
    "Element": "Service Trenches & Ducts"
  },
  {
    "Cost Code": 3510,
    "Sub-Heading": "Plot",
    "Trade": "Sub-con",
    "Element": "Muck Away"
  },
  {
    "Cost Code": 3520,
    "Sub-Heading": "Plot",
    "Trade": "Sub-con",
    "Element": "Plot Drainage incl Internal Drainage"
  },
  {
    "Cost Code": 3530,
    "Sub-Heading": "Plot",
    "Trade": "Sub-con",
    "Element": "Paths - Slabs"
  },
  {
    "Cost Code": 3540,
    "Sub-Heading": "Plot",
    "Trade": "Sub-con",
    "Element": "Private Drive Formation"
  },
  {
    "Cost Code": 3541,
    "Sub-Heading": "Plot",
    "Trade": "Sub-con",
    "Element": "Private Drives Complete"
  },
  {
    "Cost Code": 3550,
    "Sub-Heading": "Plot",
    "Trade": "Sub-con",
    "Element": "Shared Drive Formation"
  },
  {
    "Cost Code": 3551,
    "Sub-Heading": "Plot",
    "Trade": "Sub-con",
    "Element": "Shared Drive Complete"
  },
  {
    "Cost Code": 3570,
    "Sub-Heading": "Plot",
    "Trade": "Sub-con",
    "Element": "Screen Walls - Foundations"
  },
  {
    "Cost Code": 3580,
    "Sub-Heading": "Plot",
    "Trade": "Sub-con",
    "Element": "Screen Walls - Superstructure"
  },
  {
    "Cost Code": 3590,
    "Sub-Heading": "Plot",
    "Trade": "Sub-con",
    "Element": "Fencing"
  },
  {
    "Cost Code": 3600,
    "Sub-Heading": "Plot",
    "Trade": "Sub-con",
    "Element": "Plot Clearance"
  },
  {
    "Cost Code": 3610,
    "Sub-Heading": "Plot",
    "Trade": "Sub-con",
    "Element": "Plot Regrade"
  },
  {
    "Cost Code": 3620,
    "Sub-Heading": "Plot",
    "Trade": "Sub-con",
    "Element": "Topsoil placement"
  },
  {
    "Cost Code": 3630,
    "Sub-Heading": "Plot",
    "Trade": "Sub-con",
    "Element": "Turfing - Adoptable Verges to Roads"
  },
  {
    "Cost Code": 3640,
    "Sub-Heading": "Plot",
    "Trade": "Sub-con",
    "Element": "Planting"
  },
  {
    "Cost Code": 3650,
    "Sub-Heading": "Plot",
    "Trade": "Sub-con",
    "Element": "Misc. Landscaping"
  },
  {
    "Cost Code": 3660,
    "Sub-Heading": "Plot",
    "Trade": "Sub-con",
    "Element": "Pre-Occupation Maintenance"
  },
  {
    "Cost Code": 3670,
    "Sub-Heading": "Plot",
    "Trade": "Sub-con",
    "Element": "After Sales Maintenance"
  },
  {
    "Cost Code": 3680,
    "Sub-Heading": "Plot",
    "Trade": "Misc.",
    "Element": "Contingency - Plot Groundworks"
  },
  {
    "Cost Code": 4100,
    "Sub-Heading": "Super-Structure",
    "Trade": "Sub-Con",
    "Element": "Pre-Cast Concrete"
  },
  {
    "Cost Code": 4110,
    "Sub-Heading": "Super-Structure",
    "Trade": "Sub-Con",
    "Element": "Scaffolding"
  },
  {
    "Cost Code": 4120,
    "Sub-Heading": "Super-Structure",
    "Trade": "Sub-Con",
    "Element": "Brickwork"
  },
  {
    "Cost Code": 4130,
    "Sub-Heading": "Super-Structure",
    "Trade": "Sub-Con",
    "Element": "Carpentry"
  },
  {
    "Cost Code": 4140,
    "Sub-Heading": "Super-Structure",
    "Trade": "Sub-Con",
    "Element": "Contract Crane Hire"
  },
  {
    "Cost Code": 4150,
    "Sub-Heading": "Super-Structure",
    "Trade": "Sub-Con",
    "Element": "Cladding "
  },
  {
    "Cost Code": 4160,
    "Sub-Heading": "Super-Structure",
    "Trade": "Sub-Con",
    "Element": "Render"
  },
  {
    "Cost Code": 4170,
    "Sub-Heading": "Super-Structure",
    "Trade": "Sub-Con",
    "Element": "Steelwork"
  },
  {
    "Cost Code": 4180,
    "Sub-Heading": "Super-Structure",
    "Trade": "Sub-Con",
    "Element": "Roofing"
  },
  {
    "Cost Code": 4190,
    "Sub-Heading": "Super-Structure",
    "Trade": "Sub-Con",
    "Element": "PV"
  },
  {
    "Cost Code": 4200,
    "Sub-Heading": "Super-Structure",
    "Trade": "Sub-Con",
    "Element": "Windows and Ext. Doors"
  },
  {
    "Cost Code": 4210,
    "Sub-Heading": "Super-Structure",
    "Trade": "Sub-Con",
    "Element": "Garage Doors"
  },
  {
    "Cost Code": 4220,
    "Sub-Heading": "Super-Structure",
    "Trade": "Sub-Con",
    "Element": "Insulation"
  },
  {
    "Cost Code": 4230,
    "Sub-Heading": "Super-Structure",
    "Trade": "Sub-Con",
    "Element": "Plastering & Drylining"
  },
  {
    "Cost Code": 4240,
    "Sub-Heading": "Super-Structure",
    "Trade": "Sub-Con",
    "Element": "Plumbing & Heating"
  },
  {
    "Cost Code": 4250,
    "Sub-Heading": "Super-Structure",
    "Trade": "Sub-Con",
    "Element": "Electrical"
  },
  {
    "Cost Code": 4260,
    "Sub-Heading": "Super-Structure",
    "Trade": "Sub-Con",
    "Element": "Kitchen Fitting"
  },
  {
    "Cost Code": 4270,
    "Sub-Heading": "Super-Structure",
    "Trade": "Sub-Con",
    "Element": "Appliances"
  },
  {
    "Cost Code": 4280,
    "Sub-Heading": "Super-Structure",
    "Trade": "Sub-Con",
    "Element": "Stone Worktops"
  },
  {
    "Cost Code": 4290,
    "Sub-Heading": "Super-Structure",
    "Trade": "Sub-Con",
    "Element": "Wardrobes"
  },
  {
    "Cost Code": 4300,
    "Sub-Heading": "Super-Structure",
    "Trade": "Sub-Con",
    "Element": "Carpets"
  },
  {
    "Cost Code": 4310,
    "Sub-Heading": "Super-Structure",
    "Trade": "Sub-Con",
    "Element": "LVT"
  },
  {
    "Cost Code": 4320,
    "Sub-Heading": "Super-Structure",
    "Trade": "Sub-Con",
    "Element": "Vinyl"
  },
  {
    "Cost Code": 4330,
    "Sub-Heading": "Super-Structure",
    "Trade": "Sub-Con",
    "Element": "Mastic & Sealing"
  },
  {
    "Cost Code": 4340,
    "Sub-Heading": "Super-Structure",
    "Trade": "Sub-Con",
    "Element": "Painting & Decoration"
  },
  {
    "Cost Code": 4350,
    "Sub-Heading": "Super-Structure",
    "Trade": "Sub-Con",
    "Element": "Ceramic Tiling"
  },
  {
    "Cost Code": 4360,
    "Sub-Heading": "Super-Structure",
    "Trade": "Sub-Con",
    "Element": "Cleaning"
  },
  {
    "Cost Code": 4500,
    "Sub-Heading": "Super-Structure",
    "Trade": "Material",
    "Element": "Bricks"
  },
  {
    "Cost Code": 4510,
    "Sub-Heading": "Super-Structure",
    "Trade": "Material",
    "Element": "Brickwork Specials"
  },
  {
    "Cost Code": 4520,
    "Sub-Heading": "Super-Structure",
    "Trade": "Material",
    "Element": "External Cladding"
  },
  {
    "Cost Code": 4530,
    "Sub-Heading": "Super-Structure",
    "Trade": "Material",
    "Element": "Batten"
  },
  {
    "Cost Code": 4540,
    "Sub-Heading": "Super-Structure",
    "Trade": "Material",
    "Element": "Membrane"
  },
  {
    "Cost Code": 4550,
    "Sub-Heading": "Super-Structure",
    "Trade": "Material",
    "Element": "Tenmat fire barrier"
  },
  {
    "Cost Code": 4560,
    "Sub-Heading": "Super-Structure",
    "Trade": "Material",
    "Element": "Blocks - Aggrtegate"
  },
  {
    "Cost Code": 4570,
    "Sub-Heading": "Super-Structure",
    "Trade": "Material",
    "Element": "Blocks - Airated"
  },
  {
    "Cost Code": 4580,
    "Sub-Heading": "Super-Structure",
    "Trade": "Material",
    "Element": "Sand Cement & Mortar"
  },
  {
    "Cost Code": 4590,
    "Sub-Heading": "Super-Structure",
    "Trade": "Material",
    "Element": "Cast Stone Heads"
  },
  {
    "Cost Code": 4600,
    "Sub-Heading": "Super-Structure",
    "Trade": "Material",
    "Element": "Cast Stone Cills"
  },
  {
    "Cost Code": 4610,
    "Sub-Heading": "Super-Structure",
    "Trade": "Material",
    "Element": "Lintels"
  },
  {
    "Cost Code": 4620,
    "Sub-Heading": "Super-Structure",
    "Trade": "Material",
    "Element": "Steel"
  },
  {
    "Cost Code": 4630,
    "Sub-Heading": "Super-Structure",
    "Trade": "Material",
    "Element": "Chimneys"
  },
  {
    "Cost Code": 4640,
    "Sub-Heading": "Super-Structure",
    "Trade": "Material",
    "Element": "Joists"
  },
  {
    "Cost Code": 4650,
    "Sub-Heading": "Super-Structure",
    "Trade": "Material",
    "Element": "Floor deck"
  },
  {
    "Cost Code": 4660,
    "Sub-Heading": "Super-Structure",
    "Trade": "Material",
    "Element": "Roof Timbers"
  },
  {
    "Cost Code": 4670,
    "Sub-Heading": "Super-Structure",
    "Trade": "Material",
    "Element": "Soffit & Fascia"
  },
  {
    "Cost Code": 4680,
    "Sub-Heading": "Super-Structure",
    "Trade": "Material",
    "Element": "Staircases"
  },
  {
    "Cost Code": 4690,
    "Sub-Heading": "Super-Structure",
    "Trade": "Material",
    "Element": "Carcassing Timbers"
  },
  {
    "Cost Code": 4700,
    "Sub-Heading": "Super-Structure",
    "Trade": "Material",
    "Element": "Window Board"
  },
  {
    "Cost Code": 4710,
    "Sub-Heading": "Super-Structure",
    "Trade": "Material",
    "Element": "Door Linings"
  },
  {
    "Cost Code": 4720,
    "Sub-Heading": "Super-Structure",
    "Trade": "Material",
    "Element": "Skirting & Architrave"
  },
  {
    "Cost Code": 4730,
    "Sub-Heading": "Super-Structure",
    "Trade": "Material",
    "Element": "Internal Doors"
  },
  {
    "Cost Code": 4740,
    "Sub-Heading": "Super-Structure",
    "Trade": "Material",
    "Element": "Ironmongery"
  },
  {
    "Cost Code": 4750,
    "Sub-Heading": "Super-Structure",
    "Trade": "Material",
    "Element": "Porches"
  },
  {
    "Cost Code": 4760,
    "Sub-Heading": "Super-Structure",
    "Trade": "Material",
    "Element": "Insulation Materials"
  },
  {
    "Cost Code": 4770,
    "Sub-Heading": "Super-Structure",
    "Trade": "Material",
    "Element": "Fixings"
  },
  {
    "Cost Code": 4780,
    "Sub-Heading": "Super-Structure",
    "Trade": "Material",
    "Element": "Loft Traps"
  },
  {
    "Cost Code": 4790,
    "Sub-Heading": "Super-Structure",
    "Trade": "Material",
    "Element": "Meter Boxes"
  },
  {
    "Cost Code": 4800,
    "Sub-Heading": "Super-Structure",
    "Trade": "Material",
    "Element": "Rooflight"
  },
  {
    "Cost Code": 4810,
    "Sub-Heading": "Super-Structure",
    "Trade": "Material",
    "Element": "GRP Products"
  },
  {
    "Cost Code": 4820,
    "Sub-Heading": "Super-Structure",
    "Trade": "Material",
    "Element": "General Material Sundries"
  },
  {
    "Cost Code": 5100,
    "Sub-Heading": "Abnormals",
    "Trade": "Sub-con",
    "Element": "Demolition / Site Clearance / Remediation:"
  },
  {
    "Cost Code": 5110,
    "Sub-Heading": "Abnormals",
    "Trade": "Sub-con",
    "Element": "Archaeology:"
  },
  {
    "Cost Code": 5120,
    "Sub-Heading": "Abnormals",
    "Trade": "Sub-con",
    "Element": "Ecology:"
  },
  {
    "Cost Code": 5130,
    "Sub-Heading": "Abnormals",
    "Trade": "Sub-con",
    "Element": "Piling - Specialist:"
  },
  {
    "Cost Code": 5140,
    "Sub-Heading": "Abnormals",
    "Trade": "Sub-con",
    "Element": "Piling - Groundworks:"
  },
  {
    "Cost Code": 5150,
    "Sub-Heading": "Abnormals",
    "Trade": "Sub-con",
    "Element": "Abnormal Foundations:"
  },
  {
    "Cost Code": 5160,
    "Sub-Heading": "Abnormals",
    "Trade": "Sub-con",
    "Element": "Raft Foundation:"
  },
  {
    "Cost Code": 5170,
    "Sub-Heading": "Abnormals",
    "Trade": "Sub-con",
    "Element": "Attenuation Pond / Swales / Culverts:"
  },
  {
    "Cost Code": 5180,
    "Sub-Heading": "Abnormals",
    "Trade": "Utility",
    "Element": "Electric Sub-Station:"
  },
  {
    "Cost Code": 5190,
    "Sub-Heading": "Abnormals",
    "Trade": "Sub-con",
    "Element": "Pump Station & Rising Main:"
  },
  {
    "Cost Code": 5200,
    "Sub-Heading": "Abnormals",
    "Trade": "Sub-con",
    "Element": "Retaining Features & Steps:"
  },
  {
    "Cost Code": 5210,
    "Sub-Heading": "Abnormals",
    "Trade": "Sub-con",
    "Element": "Abnormal / Non-Plot Fencing & Walls:"
  },
  {
    "Cost Code": 5220,
    "Sub-Heading": "Abnormals",
    "Trade": "LA",
    "Element": "S278 Fees:"
  },
  {
    "Cost Code": 5230,
    "Sub-Heading": "Abnormals",
    "Trade": "LA",
    "Element": "S184 Fees:"
  },
  {
    "Cost Code": 5240,
    "Sub-Heading": "Abnormals",
    "Trade": "Sub-con",
    "Element": "Earthworks - Arisings "
  },
  {
    "Cost Code": 5250,
    "Sub-Heading": "Abnormals",
    "Trade": "Sub-con",
    "Element": "POS / Abnormal Landscaping:"
  },
  {
    "Cost Code": 5260,
    "Sub-Heading": "Abnormals",
    "Trade": "Sub-con",
    "Element": "S278 Works:"
  },
  {
    "Cost Code": 5270,
    "Sub-Heading": "Abnormals",
    "Trade": "Utility",
    "Element": "Offsite Utility Services Maintenance:"
  },
  {
    "Cost Code": 5280,
    "Sub-Heading": "Abnormals",
    "Trade": "Utility",
    "Element": "Offsite Utility Service Diversions:"
  },
  {
    "Cost Code": 5290,
    "Sub-Heading": "Abnormals",
    "Trade": "Sub-con",
    "Element": "Render:"
  },
  {
    "Cost Code": 5300,
    "Sub-Heading": "Abnormals",
    "Trade": "Material",
    "Element": "Black Weatherboarding:"
  },
  {
    "Cost Code": 5310,
    "Sub-Heading": "Abnormals",
    "Trade": "Sub-con",
    "Element": "Vertical Tile Hanging:"
  },
  {
    "Cost Code": 5320,
    "Sub-Heading": "Abnormals",
    "Trade": "Sub-con",
    "Element": "Stone Walling (Reconstituted / Prepped):"
  },
  {
    "Cost Code": 5340,
    "Sub-Heading": "Contributions",
    "Trade": "LA",
    "Element": "S106"
  },
  {
    "Cost Code": 5350,
    "Sub-Heading": "Contributions",
    "Trade": "LA",
    "Element": "CIL"
  },
  {
    "Cost Code": 6100,
    "Sub-Heading": "Sales",
    "Trade": "Revenue",
    "Element": "Private Units"
  },
  {
    "Cost Code": 6110,
    "Sub-Heading": "Sales",
    "Trade": "Consultant",
    "Element": "Sales Legal Fees"
  },
  {
    "Cost Code": 6120,
    "Sub-Heading": "Sales",
    "Trade": "Consultant",
    "Element": "Estate Agents "
  },
  {
    "Cost Code": 6130,
    "Sub-Heading": "Sales",
    "Trade": "Revenue",
    "Element": "P/X Assisted Move"
  },
  {
    "Cost Code": 6140,
    "Sub-Heading": "Sales",
    "Trade": "Consultant",
    "Element": "Advertising"
  },
  {
    "Cost Code": 6150,
    "Sub-Heading": "Sales",
    "Trade": "Material",
    "Element": "Signs & Flags"
  },
  {
    "Cost Code": 6160,
    "Sub-Heading": "Sales",
    "Trade": "Sub-contract",
    "Element": "Showhouse Furnishing - Showhome 1"
  },
  {
    "Cost Code": 6170,
    "Sub-Heading": "Sales",
    "Trade": "Sub-contract",
    "Element": "Sales Office Set-up"
  },
  {
    "Cost Code": 6180,
    "Sub-Heading": "Sales",
    "Trade": "Material",
    "Element": "Health and Safety Equipment - Sales"
  },
  {
    "Cost Code": 6190,
    "Sub-Heading": "Sales",
    "Trade": "LA",
    "Element": "Sales Business Rates - Showhome 1"
  },
  {
    "Cost Code": 6200,
    "Sub-Heading": "Sales",
    "Trade": "Material",
    "Element": "Sales Consumables"
  },
  {
    "Cost Code": 6210,
    "Sub-Heading": "Sales",
    "Trade": "Sub-contract",
    "Element": "Sales Running Costs - Sales Office Cleaning"
  },
  {
    "Cost Code": 6220,
    "Sub-Heading": "Sales",
    "Trade": "Sub-contract",
    "Element": "Sales Landscaping - Showhome"
  },
  {
    "Cost Code": 6230,
    "Sub-Heading": "Sales",
    "Trade": "Sub-contract",
    "Element": "Sales Landscape Maintenance"
  },
  {
    "Cost Code": 6240,
    "Sub-Heading": "Sales",
    "Trade": "Sub-contract",
    "Element": "Sales Parking Areas - Installation"
  },
  {
    "Cost Code": 6250,
    "Sub-Heading": "Sales",
    "Trade": "Sub-contract",
    "Element": "Sales Fencing - Railings"
  },
  {
    "Cost Code": 6260,
    "Sub-Heading": "Sales",
    "Trade": "Material",
    "Element": "Home Information Packs"
  },
  {
    "Cost Code": 6270,
    "Sub-Heading": "Sales",
    "Trade": "Material",
    "Element": "Welcome Packs"
  },
  {
    "Cost Code": 6280,
    "Sub-Heading": "Sales",
    "Trade": "Utility",
    "Element": "Utility Bills Pre-Handover"
  }
]