{
  "items": [
    {
      "poNumber": "S0010",
      "type": "S",
      "supplierId": "sup-1762434683691",
      "supplierSnapshot": {
        "id": "sup-1762434683691",
        "name": "Joe Bloggs The Chippie",
        "address1": "30 Harborough Road",
        "address2": "kingsthorpe",
        "city": "Northampton",
        "postcode": "NN2 7AZ",
        "contactName": "Joe",
        "contactEmail": "joe@joebloggscarpentry.co.uk",
        "contactPhone": "07862 65542645",
        "vatNumber": "",
        "termsDays": 30,
        "notes": "Needs RAMS Checking",
        "createdAt": "2025-11-06T13:11:23.691Z",
        "updatedAt": "2025-11-06T13:11:23.691Z"
      },
      "costRef": {
        "jobId": "job-1761833734301",
        "jobCode": "0753",
        "costCode": "4130",
        "element": ""
      },
      "job": {
        "id": "job-1761833734301",
        "jobCode": "0753",
        "jobNumber": "",
        "name": "Badsey 35",
        "siteAddress": "Avalon Grove\nBadsey\nWorcs\nWR11 4ZF",
        "siteManager": "",
        "sitePhone": "",
        "client": "",
        "notes": ""
      },
      "title": "chippy",
      "clauses": {
        "tenderRefEnabled": true,
        "tenderRefDate": "10/08/25",
        "termsEnabled": true,
        "termsVersion": "V1",
        "ramsRequired": true
      },
      "items": [
        {
          "description": "stuff",
          "uom": "nr",
          "qty": 1,
          "rate": 10000,
          "amount": 10000,
          "costCode": "4130"
        }
      ],
      "subtotal": 10000,
      "vatRateDefault": 0,
      "totals": {
        "net": 10000,
        "vat": 0,
        "gross": 10000,
        "vatRate": 0
      },
      "approval": {
        "status": "Pending",
        "history": [
          {
            "at": "2025-11-06T16:55:14.256Z",
            "by": "system",
            "action": "CREATED",
            "note": ""
          }
        ]
      },
      "status": "Issued",
      "requiredBy": "",
      "notes": "",
      "createdBy": "david@dmcc",
      "createdByEmail": "",
      "createdByName": "",
      "updatedBy": "david@dmcc",
      "createdAt": "2025-11-06T16:55:14.255Z",
      "updatedAt": "2025-11-06T16:55:14.255Z",
      "archived": false
    },
    {
      "poNumber": "S0009",
      "type": "S",
      "supplierId": "sup-1757774931281",
      "supplierSnapshot": {
        "id": "sup-1757774931281",
        "name": "Crendon",
        "address1": "52",
        "address2": "rft",
        "city": "frt",
        "postcode": "f12h56",
        "contactName": "hugh",
        "contactEmail": "hugh@crendon.co.uk",
        "contactPhone": "12",
        "vatNumber": "0124557",
        "termsDays": 30,
        "notes": ""
      },
      "costRef": {
        "jobId": "job-1761833734301",
        "jobCode": "0753",
        "costCode": "4360",
        "element": ""
      },
      "job": {
        "id": "job-1761833734301",
        "jobCode": "0753",
        "jobNumber": "",
        "name": "Badsey 35",
        "siteAddress": "Avalon Grove\nBadsey\nWorcs\nWR11 4ZF",
        "siteManager": "",
        "sitePhone": "",
        "client": "",
        "notes": ""
      },
      "title": "All cleaning to plots",
      "clauses": [
        "Refer to Cotswold Oak tender enquiry dated 08/10/25.",
        "Refer to Cotswold Oak sub-contract terms and conditions version v1.0.",
        "RAMS must be supplied and vetted prior to start on site."
      ],
      "items": [
        {
          "description": "Clean all plots",
          "uom": "nr",
          "qty": 1,
          "rate": 2500,
          "amount": 2500,
          "costCode": "4360"
        }
      ],
      "subtotal": 2500,
      "vatRateDefault": 0,
      "totals": {
        "net": 2500,
        "vat": 0,
        "gross": 2500,
        "vatRate": 0
      },
      "approval": {
        "status": "Pending",
        "history": [
          {
            "at": "2025-11-06T16:35:52.254Z",
            "by": "system",
            "action": "CREATED",
            "note": ""
          }
        ]
      },
      "status": "Issued",
      "requiredBy": "",
      "notes": "",
      "createdBy": "david@dmcc",
      "createdByEmail": "",
      "createdByName": "",
      "updatedBy": "david@dmcc",
      "createdAt": "2025-11-06T16:35:52.253Z",
      "updatedAt": "2025-11-06T16:35:52.253Z",
      "archived": false
    },
    {
      "poNumber": "S0008",
      "type": "S",
      "supplierId": "sup-1762437930478",
      "supplierSnapshot": {
        "id": "sup-1762437930478",
        "name": "Infrastructure Gateway",
        "address1": "Vantage House",
        "address2": "2700 Kettering Parkway",
        "city": "Kettering",
        "postcode": "NN15 6XR",
        "contactName": "Daisy Dall",
        "contactEmail": "DaisyD@igl.co.uk",
        "contactPhone": "07932 796590",
        "vatNumber": "",
        "termsDays": 30,
        "notes": "",
        "createdAt": "2025-11-06T14:05:30.479Z",
        "updatedAt": "2025-11-06T14:05:30.479Z"
      },
      "costRef": {
        "jobId": "job-1762437753790",
        "jobCode": "0760",
        "costCode": "4240",
        "element": ""
      },
      "job": {
        "id": "job-1762437753790",
        "jobCode": "0760",
        "jobNumber": "",
        "name": "Drakes Brougton 25",
        "siteAddress": "Freshfields\nStonebow Road\nDrakes Broughton\nWR10 2AP",
        "siteManager": "",
        "sitePhone": "",
        "client": "",
        "notes": ""
      },
      "title": "Plumbing for whole site",
      "clauses": [
        "Refer to Cotswold Oak tender enquiry dated 01/01/25.",
        "Refer to Cotswold Oak sub-contract terms and conditions version V98.",
        "RAMS must be supplied and vetted prior to start on site."
      ],
      "items": [
        {
          "description": "All plots",
          "uom": "nr",
          "qty": 25,
          "rate": 5250,
          "amount": 131250,
          "costCode": "4240"
        }
      ],
      "subtotal": 131250,
      "vatRateDefault": 0,
      "totals": {
        "net": 131250,
        "vat": 0,
        "gross": 131250,
        "vatRate": 0
      },
      "approval": {
        "status": "Pending",
        "history": [
          {
            "at": "2025-11-06T15:55:27.763Z",
            "by": "system",
            "action": "CREATED",
            "note": ""
          }
        ]
      },
      "status": "Issued",
      "requiredBy": "",
      "notes": "",
      "createdBy": "david@dmcc",
      "createdByEmail": "",
      "createdByName": "",
      "updatedBy": "david@dmcc",
      "createdAt": "2025-11-06T15:55:27.763Z",
      "updatedAt": "2025-11-06T15:55:27.763Z",
      "archived": false
    },
    {
      "poNumber": "S0007",
      "type": "S",
      "supplierId": "sup-1762434683691",
      "supplierSnapshot": {
        "id": "sup-1762434683691",
        "name": "Joe Bloggs The Chippie",
        "address1": "30 Harborough Road",
        "address2": "kingsthorpe",
        "city": "Northampton",
        "postcode": "NN2 7AZ",
        "contactName": "Joe",
        "contactEmail": "joe@joebloggscarpentry.co.uk",
        "contactPhone": "07862 65542645",
        "vatNumber": "",
        "termsDays": 30,
        "notes": "Needs RAMS Checking",
        "createdAt": "2025-11-06T13:11:23.691Z",
        "updatedAt": "2025-11-06T13:11:23.691Z"
      },
      "costRef": {
        "jobId": "job-1762437753790",
        "jobCode": "0760",
        "costCode": "4130",
        "element": ""
      },
      "job": {
        "id": "job-1762437753790",
        "jobCode": "0760",
        "jobNumber": "",
        "name": "Drakes Brougton 25",
        "siteAddress": "Freshfields\nStonebow Road\nDrakes Broughton\nWR10 2AP",
        "siteManager": "",
        "sitePhone": "",
        "client": "",
        "notes": ""
      },
      "title": "carpentry to whole site",
      "clauses": [
        "Refer to Cotswold Oak tender enquiry dated 01/08/25.",
        "Refer to Cotswold Oak sub-contract terms and conditions version V7.",
        "RAMS must be supplied and vetted prior to start on site."
      ],
      "items": [
        {
          "description": "Plot 1",
          "uom": "nr",
          "qty": 1,
          "rate": 2500,
          "amount": 2500,
          "costCode": "4130"
        },
        {
          "description": "Plot 2",
          "uom": "nr",
          "qty": 1,
          "rate": 2545,
          "amount": 2545,
          "costCode": "4130"
        },
        {
          "description": "Plot 3",
          "uom": "nr",
          "qty": 1,
          "rate": 5642,
          "amount": 5642,
          "costCode": "4130"
        }
      ],
      "subtotal": 10687,
      "vatRateDefault": 0,
      "totals": {
        "net": 10687,
        "vat": 0,
        "gross": 10687,
        "vatRate": 0
      },
      "approval": {
        "status": "Pending",
        "history": [
          {
            "at": "2025-11-06T15:37:49.884Z",
            "by": "system",
            "action": "CREATED",
            "note": ""
          }
        ]
      },
      "status": "Issued",
      "requiredBy": "",
      "notes": "",
      "createdBy": "david@dmcc",
      "createdByEmail": "",
      "createdByName": "",
      "updatedBy": "david@dmcc",
      "createdAt": "2025-11-06T15:37:49.882Z",
      "updatedAt": "2025-11-06T15:37:49.882Z",
      "archived": false
    },
    {
      "poNumber": "M0031",
      "type": "M",
      "supplierId": "sup-1762437930478",
      "supplierSnapshot": {
        "id": "sup-1762437930478",
        "name": "Infrastructure Gateway",
        "address1": "Vantage House",
        "address2": "2700 Kettering Parkway",
        "city": "Kettering",
        "postcode": "NN15 6XR",
        "contactName": "Daisy Dall",
        "contactEmail": "DaisyD@igl.co.uk",
        "contactPhone": "07932 796590",
        "vatNumber": "",
        "termsDays": 30,
        "notes": "",
        "createdAt": "2025-11-06T14:05:30.479Z",
        "updatedAt": "2025-11-06T14:05:30.479Z"
      },
      "costRef": {
        "jobId": "job-1762437753790",
        "jobCode": "0760",
        "costCode": "3180",
        "element": ""
      },
      "job": {
        "id": "job-1762437753790",
        "jobCode": "0760",
        "jobNumber": "",
        "name": "Drakes Brougton 25",
        "siteAddress": "Freshfields\nStonebow Road\nDrakes Broughton\nWR10 2AP",
        "siteManager": "",
        "sitePhone": "",
        "client": "",
        "notes": ""
      },
      "title": "WWU CSEP (Gas Conn Point) Charge",
      "items": [
        {
          "description": "Admin fee for identifying and designing the CSEP",
          "uom": "nr",
          "qty": 1,
          "rate": 266,
          "amount": 266,
          "costCode": "3180"
        }
      ],
      "subtotal": 266,
      "vatRateDefault": 0.2,
      "totals": {
        "net": 266,
        "vat": 53.2,
        "gross": 319.2,
        "vatRate": 0.2
      },
      "approval": {
        "status": "Pending",
        "history": [
          {
            "at": "2025-11-06T14:08:06.280Z",
            "by": "system",
            "action": "CREATED",
            "note": ""
          }
        ]
      },
      "status": "Issued",
      "requiredBy": "",
      "notes": "",
      "createdBy": "david@dmcc",
      "createdByEmail": "",
      "createdByName": "",
      "updatedBy": "david@dmcc",
      "createdAt": "2025-11-06T14:08:06.280Z",
      "updatedAt": "2025-11-06T14:08:06.280Z",
      "archived": false
    },
    {
      "poNumber": "S0006",
      "type": "S",
      "supplierId": "sup-1762434683691",
      "supplierSnapshot": {
        "id": "sup-1762434683691",
        "name": "Joe Bloggs The Chippie",
        "address1": "30 Harborough Road",
        "address2": "kingsthorpe",
        "city": "Northampton",
        "postcode": "NN2 7AZ",
        "contactName": "Joe",
        "contactEmail": "joe@joebloggscarpentry.co.uk",
        "contactPhone": "07862 65542645",
        "vatNumber": "",
        "termsDays": 30,
        "notes": "Needs RAMS Checking",
        "createdAt": "2025-11-06T13:11:23.691Z",
        "updatedAt": "2025-11-06T13:11:23.691Z"
      },
      "costRef": {
        "jobId": "job-1761833734301",
        "jobCode": "0753",
        "costCode": "4130",
        "element": ""
      },
      "job": {
        "id": "job-1761833734301",
        "jobCode": "0753",
        "jobNumber": "",
        "name": "Badsey 35",
        "siteAddress": "Avalon Grove\nBadsey\nWorcs\nWR11 4ZF",
        "siteManager": "",
        "sitePhone": "",
        "client": "",
        "notes": ""
      },
      "title": "Site Carpentry Works",
      "items": [
        {
          "description": "Plots 1 - 35",
          "uom": "nr",
          "qty": 1,
          "rate": 125000,
          "amount": 125000,
          "costCode": "4130"
        }
      ],
      "subtotal": 125000,
      "vatRateDefault": 0,
      "totals": {
        "net": 125000,
        "vat": 0,
        "gross": 125000,
        "vatRate": 0
      },
      "approval": {
        "status": "Pending",
        "history": [
          {
            "at": "2025-11-06T13:44:48.223Z",
            "by": "system",
            "action": "CREATED",
            "note": ""
          }
        ]
      },
      "status": "Issued",
      "requiredBy": "",
      "notes": "",
      "createdBy": "david@dmcc",
      "createdByEmail": "",
      "createdByName": "",
      "updatedBy": "david@dmcc",
      "createdAt": "2025-11-06T13:44:48.222Z",
      "updatedAt": "2025-11-06T13:44:48.222Z",
      "archived": false
    },
    {
      "poNumber": "M0030",
      "type": "M",
      "supplierId": "sup-1761747597675",
      "supplierSnapshot": {
        "id": "sup-1761747597675",
        "name": "White Ridge (WRA Ltd)",
        "address1": "Hilton Hall",
        "address2": "Hilton Lane",
        "city": "Essington, Wolverhampton",
        "postcode": "WV11 2BQ",
        "contactName": "Maxine Ridgway",
        "contactEmail": "Maxine@whiteridge.co.uk",
        "contactPhone": "01902 728866",
        "vatNumber": "",
        "termsDays": 30,
        "notes": ""
      },
      "costRef": {
        "jobId": "job-1761833734301",
        "jobCode": "0753",
        "costCode": "1140",
        "element": ""
      },
      "job": {
        "id": "job-1761833734301",
        "jobCode": "0753",
        "jobNumber": "",
        "name": "Badsey 35",
        "siteAddress": "Avalon Grove\nBadsey\nWorcs\nWR11 4ZF",
        "siteManager": "",
        "sitePhone": "",
        "client": "",
        "notes": ""
      },
      "title": "fdf",
      "items": [
        {
          "description": "fgfb",
          "uom": "nr",
          "qty": 1,
          "rate": 10,
          "amount": 10,
          "costCode": "1140"
        }
      ],
      "subtotal": 10,
      "vatRateDefault": 0.2,
      "totals": {
        "net": 10,
        "vat": 2,
        "gross": 12,
        "vatRate": 0.2
      },
      "approval": {
        "status": "Pending",
        "history": [
          {
            "at": "2025-11-06T13:36:03.164Z",
            "by": "system",
            "action": "CREATED",
            "note": ""
          }
        ]
      },
      "status": "Issued",
      "requiredBy": "",
      "notes": "",
      "createdBy": "david@dmcc",
      "createdByEmail": "",
      "createdByName": "",
      "updatedBy": "david@dmcc",
      "createdAt": "2025-11-06T13:36:03.162Z",
      "updatedAt": "2025-11-06T13:36:03.162Z",
      "archived": false
    },
    {
      "poNumber": "54896",
      "supplier": "Barry",
      "description": "Joists",
      "amount": "10000",
      "approval": {
        "status": "Approved",
        "approver": "david@dmcc",
        "decidedAt": "2025-09-12T08:46:52.528Z",
        "note": ""
      },
      "updatedAt": "2025-09-12T08:46:52.529Z"
    },
    {
      "type": "M",
      "supplier": "crendon",
      "description": "Carpentry",
      "amount": "1000",
      "costCode": 4130,
      "poNumber": "M0004",
      "approval": {
        "status": "Approved",
        "approver": "david@dmcc",
        "decidedAt": "2025-09-12T14:15:22.385Z",
        "note": ""
      },
      "updatedAt": "2025-09-12T14:15:22.386Z"
    },
    {
      "type": "S",
      "supplier": "Barry",
      "description": "Carpentry",
      "amount": "12000",
      "costCode": 4130,
      "matrix": [],
      "poNumber": "S0002",
      "status": "Issued",
      "approval": {
        "status": "Pending",
        "history": [
          {
            "at": "2025-11-06T14:09:56.219Z",
            "by": "",
            "action": "SENT",
            "note": ""
          }
        ]
      },
      "updatedAt": "2025-11-06T14:09:56.219Z"
    },
    {
      "type": "S",
      "supplier": "sdf",
      "description": "Plumbing & Heating",
      "amount": "10000",
      "costCode": 4240,
      "matrix": [],
      "poNumber": "S0003",
      "status": "Issued",
      "approval": {
        "status": "Pending",
        "history": [
          {
            "at": "2025-10-31T10:41:03.542Z",
            "by": "",
            "action": "SENT",
            "note": ""
          }
        ]
      },
      "updatedAt": "2025-10-31T10:41:03.543Z"
    },
    {
      "poNumber": "M0005",
      "type": "M",
      "supplierId": "acme-sup-001",
      "costRef": {
        "jobId": "job-001",
        "jobCode": "CO-CP-001",
        "costCode": "1202",
        "element": ""
      },
      "title": "Concrete & mesh for raft",
      "items": [
        {
          "description": "C30 concrete",
          "uom": "m3",
          "qty": 25,
          "rate": 125,
          "amount": 3125,
          "costCode": "1202",
          "remarks": ""
        },
        {
          "description": "A393 mesh",
          "uom": "m2",
          "qty": 180,
          "rate": 6.5,
          "amount": 1170,
          "costCode": "1202",
          "remarks": ""
        }
      ],
      "subtotal": 4295,
      "vatRateDefault": 0.2,
      "totals": {
        "net": 4295,
        "vatRate": 0.2,
        "gross": 5154
      },
      "approval": {
        "status": "Approved",
        "approver": "david@dmcc",
        "decidedAt": "2025-09-12T08:39:20.883Z",
        "note": ""
      },
      "status": "Issued",
      "requiredBy": "",
      "notes": "",
      "createdBy": "david@dmcc",
      "updatedBy": "david@dmcc",
      "createdAt": "2025-09-12T08:20:05.662Z",
      "updatedAt": "2025-09-12T08:39:20.883Z",
      "version": 1
    },
    {
      "poNumber": "M0006",
      "type": "M",
      "supplierId": "Barry",
      "costRef": {
        "jobId": "",
        "jobCode": "CO-CP-001",
        "costCode": "1202",
        "element": ""
      },
      "title": "Blocks",
      "items": [
        {
          "description": "Areated 7N",
          "uom": "m2",
          "qty": 10,
          "rate": 11,
          "amount": 110,
          "costCode": "1202",
          "remarks": ""
        },
        {
          "description": "Aggregate 3.6N",
          "uom": "m2",
          "qty": 16,
          "rate": 8,
          "amount": 128,
          "costCode": "1202",
          "remarks": ""
        }
      ],
      "subtotal": 238,
      "vatRateDefault": 0.05,
      "totals": {
        "net": 238,
        "vatRate": 0.05,
        "gross": 249.9
      },
      "approval": {
        "status": "Approved",
        "approver": "david@dmcc",
        "decidedAt": "2025-09-12T14:19:24.437Z",
        "note": ""
      },
      "status": "Issued",
      "requiredBy": "",
      "notes": "",
      "createdBy": "david@dmcc",
      "updatedBy": "david@dmcc",
      "createdAt": "2025-09-12T14:18:38.276Z",
      "updatedAt": "2025-09-12T14:19:24.437Z",
      "version": 1
    },
    {
      "poNumber": "M0007",
      "type": "M",
      "supplierId": "Travis Perkins",
      "costRef": {
        "jobId": "",
        "jobCode": "CO-CP-002",
        "costCode": "2500",
        "element": ""
      },
      "title": "Roof Tiles",
      "items": [
        {
          "description": "Forticrete Gemini",
          "uom": "nr",
          "qty": 1000,
          "rate": 10,
          "amount": 10000,
          "costCode": "2500",
          "remarks": ""
        },
        {
          "description": "Forticrete SL8",
          "uom": "nr",
          "qty": 5000,
          "rate": 1,
          "amount": 5000,
          "costCode": "2500",
          "remarks": ""
        }
      ],
      "subtotal": 15000,
      "vatRateDefault": 0.2,
      "totals": {
        "net": 15000,
        "vatRate": 0.2,
        "gross": 18000
      },
      "approval": {
        "status": "Rejected",
        "approver": "david@dmcc",
        "decidedAt": "2025-09-12T14:21:58.947Z",
        "note": ""
      },
      "status": "Issued",
      "requiredBy": "",
      "notes": "",
      "createdBy": "david@dmcc",
      "updatedBy": "david@dmcc",
      "createdAt": "2025-09-12T14:21:17.910Z",
      "updatedAt": "2025-09-12T14:21:58.947Z",
      "version": 1
    },
    {
      "poNumber": "M0008",
      "type": "M",
      "supplierId": "A1 Scaffolding",
      "costRef": {
        "jobId": "",
        "jobCode": "COL0033",
        "costCode": "4110",
        "element": ""
      },
      "title": "Scaffold and crash deck",
      "items": [
        {
          "description": "Whole site scaffold",
          "uom": "nr",
          "qty": 1,
          "rate": 50000,
          "amount": 50000,
          "costCode": "4110",
          "remarks": ""
        },
        {
          "description": "Crash Deck",
          "uom": "nr",
          "qty": 1,
          "rate": 20000,
          "amount": 20000,
          "costCode": "4110",
          "remarks": ""
        }
      ],
      "subtotal": 70000,
      "vatRateDefault": 0.2,
      "totals": {
        "net": 70000,
        "vatRate": 0.2,
        "gross": 84000
      },
      "approval": {
        "status": "Approved",
        "approver": "david@dmcc",
        "decidedAt": "2025-09-12T16:11:43.123Z",
        "note": ""
      },
      "status": "Issued",
      "requiredBy": "",
      "notes": "",
      "createdBy": "david@dmcc",
      "updatedBy": "david@dmcc",
      "createdAt": "2025-09-12T16:11:31.605Z",
      "updatedAt": "2025-09-12T16:11:43.123Z",
      "version": 1
    },
    {
      "poNumber": "M0009",
      "type": "M",
      "supplierId": "sup-1757773995987",
      "supplierSnapshot": {
        "id": "sup-1757773995987",
        "name": "test 3",
        "address1": "1",
        "address2": "kjh",
        "city": "kjjh",
        "postcode": "kjjh",
        "contactName": "hh",
        "contactEmail": "h@g.com",
        "contactPhone": "wsfwefw",
        "vatNumber": "123",
        "termsDays": 30
      },
      "costRef": {
        "jobId": "",
        "jobCode": "",
        "costCode": "1140",
        "element": ""
      },
      "title": "",
      "items": [
        {
          "description": "ad",
          "uom": "nr",
          "qty": 1,
          "rate": 112,
          "amount": 112,
          "costCode": "1140",
          "remarks": ""
        }
      ],
      "subtotal": 112,
      "vatRateDefault": 0.2,
      "totals": {
        "net": 112,
        "vatRate": 0.2,
        "gross": 134.4
      },
      "approval": {
        "status": "Pending"
      },
      "status": "Issued",
      "requiredBy": "",
      "notes": "",
      "createdBy": "david@dmcc",
      "updatedBy": "david@dmcc",
      "createdAt": "2025-09-13T14:33:33.239Z",
      "updatedAt": "2025-09-13T14:33:33.239Z",
      "version": 1
    },
    {
      "poNumber": "M0010",
      "type": "M",
      "supplierId": "sup-1757774931281",
      "supplierSnapshot": {
        "id": "sup-1757774931281",
        "name": "Crendon",
        "address1": "52",
        "address2": "rft",
        "city": "frt",
        "postcode": "f12h56",
        "contactName": "hugh",
        "contactEmail": "hugh@crendon.co.uk",
        "contactPhone": "12",
        "vatNumber": "0124557",
        "termsDays": 30
      },
      "costRef": {
        "jobId": "",
        "jobCode": "12",
        "costCode": "1120",
        "element": ""
      },
      "title": "",
      "items": [
        {
          "description": "sf",
          "uom": "nr",
          "qty": 1,
          "rate": 12,
          "amount": 12,
          "costCode": "1120",
          "remarks": ""
        }
      ],
      "subtotal": 12,
      "vatRateDefault": 0.2,
      "totals": {
        "net": 12,
        "vatRate": 0.2,
        "gross": 14.4
      },
      "approval": {
        "status": "Pending"
      },
      "status": "Issued",
      "requiredBy": "",
      "notes": "",
      "createdBy": "david@dmcc",
      "updatedBy": "david@dmcc",
      "createdAt": "2025-09-13T14:49:04.302Z",
      "updatedAt": "2025-09-13T14:49:04.302Z",
      "version": 1
    },
    {
      "poNumber": "M0011",
      "type": "M",
      "supplierId": "sup-1757922988641",
      "supplierSnapshot": {
        "id": "sup-1757922988641",
        "name": "David Morris",
        "address1": "25 Atterton Lane",
        "address2": "",
        "city": "Witherley",
        "postcode": "CV9 3LP",
        "contactName": "David Morris",
        "contactEmail": "dave.morris@europe.com",
        "contactPhone": "07773773606",
        "vatNumber": "",
        "termsDays": 30
      },
      "costRef": {
        "jobId": "",
        "jobCode": "COL004",
        "costCode": "4250",
        "element": ""
      },
      "title": "electrical Insalaton",
      "items": [
        {
          "description": "Plot 1 - Grantham",
          "uom": "Plot",
          "qty": 1,
          "rate": 2500,
          "amount": 2500,
          "costCode": "4250",
          "remarks": ""
        },
        {
          "description": "Plot 3 - Harlow",
          "uom": "nr",
          "qty": 1,
          "rate": 3500,
          "amount": 3500,
          "costCode": "4250",
          "remarks": ""
        },
        {
          "description": "Plot 7 - Buckingham",
          "uom": "nr",
          "qty": 1,
          "rate": 2750,
          "amount": 2750,
          "costCode": "4250",
          "remarks": ""
        }
      ],
      "subtotal": 8750,
      "vatRateDefault": 0.2,
      "totals": {
        "net": 8750,
        "vatRate": 0.2,
        "gross": 10500
      },
      "approval": {
        "status": "Approved",
        "approver": "david@dmcc",
        "decidedAt": "2025-09-15T07:58:55.540Z",
        "note": ""
      },
      "status": "Issued",
      "requiredBy": "",
      "notes": "",
      "createdBy": "david@dmcc",
      "updatedBy": "david@dmcc",
      "createdAt": "2025-09-15T07:57:58.519Z",
      "updatedAt": "2025-09-15T07:58:55.540Z",
      "version": 1
    },
    {
      "poNumber": "M0013",
      "type": "M",
      "supplierId": "sup-acme",
      "supplierSnapshot": {
        "id": "sup-acme",
        "name": "Acme Supplies Ltd",
        "address1": "1 Acme Way",
        "address2": "",
        "city": "Birmingham",
        "postcode": "B1 1AA",
        "contactName": "Jo Smith",
        "contactEmail": "jo@acme.co.uk",
        "contactPhone": "01234 567890",
        "vatNumber": "GB123456789",
        "termsDays": 30
      },
      "costRef": {
        "jobId": "",
        "jobCode": "",
        "costCode": "4110",
        "element": ""
      },
      "title": "Scaffolding and crash deck",
      "items": [
        {
          "description": "All plots scaffolding as per tender 10/09/25",
          "uom": "nr",
          "qty": 1,
          "rate": 56000,
          "amount": 56000,
          "costCode": "4110",
          "remarks": ""
        },
        {
          "description": "Crash deck to all plots",
          "uom": "nr",
          "qty": 1,
          "rate": 25000,
          "amount": 25000,
          "costCode": "4110",
          "remarks": ""
        }
      ],
      "subtotal": 81000,
      "vatRateDefault": 0.2,
      "totals": {
        "net": 81000,
        "vatRate": 0.2,
        "gross": 97200
      },
      "approval": {
        "status": "Approved",
        "approver": "manager",
        "decidedAt": "2025-10-10T16:43:39.286Z",
        "note": ""
      },
      "status": "Issued",
      "requiredBy": "",
      "notes": "",
      "createdBy": "david@dmcc",
      "updatedBy": "david@dmcc",
      "createdAt": "2025-09-19T09:42:43.692Z",
      "updatedAt": "2025-10-10T16:43:39.286Z",
      "version": 1
    },
    {
      "poNumber": "M0015",
      "type": "M",
      "supplierId": "sup-1757922988641",
      "supplierSnapshot": {
        "id": "sup-1757922988641",
        "name": "David Morris",
        "address1": "25 Atterton Lane",
        "address2": "",
        "city": "Witherley",
        "postcode": "CV9 3LP",
        "contactName": "David Morris",
        "contactEmail": "dave.morris@europe.com",
        "contactPhone": "07773773606",
        "vatNumber": "",
        "termsDays": 30
      },
      "costRef": {
        "jobId": "",
        "jobCode": "",
        "costCode": "3510",
        "element": ""
      },
      "title": "",
      "items": [
        {
          "description": "test",
          "uom": "nr",
          "qty": 1,
          "rate": 1100,
          "amount": 1100,
          "costCode": "3510",
          "remarks": ""
        }
      ],
      "subtotal": 1100,
      "vatRateDefault": 0.2,
      "totals": {
        "net": 1100,
        "vatRate": 0.2,
        "gross": 1320
      },
      "approval": {
        "status": "Pending"
      },
      "status": "Issued",
      "requiredBy": "",
      "notes": "",
      "createdBy": "david@dmcc",
      "updatedBy": "david@dmcc",
      "createdAt": "2025-09-19T15:40:24.502Z",
      "updatedAt": "2025-09-19T15:40:24.502Z",
      "version": 1,
      "archived": false
    },
    {
      "poNumber": "S0004",
      "type": "S",
      "supplierId": "sup-acme",
      "supplierSnapshot": {
        "id": "sup-acme",
        "name": "Acme Supplies Ltd",
        "address1": "1 Acme Way",
        "address2": "",
        "city": "Birmingham",
        "postcode": "B1 1AA",
        "contactName": "Jo Smith",
        "contactEmail": "jo@acme.co.uk",
        "contactPhone": "01234 567890",
        "vatNumber": "GB123456789",
        "termsDays": 30
      },
      "costRef": {
        "jobId": "",
        "jobCode": "COL001",
        "costCode": "4150",
        "element": ""
      },
      "title": "Supply and fit wall cladding",
      "items": [
        {
          "description": "Whole site",
          "uom": "nr",
          "qty": 1,
          "rate": 36854,
          "amount": 36854,
          "costCode": "4150",
          "remarks": ""
        }
      ],
      "subtotal": 36854,
      "vatRateDefault": 0,
      "totals": {
        "net": 36854,
        "vatRate": 0,
        "gross": 36854
      },
      "approval": {
        "status": "Approved",
        "approver": "david@dmcc",
        "decidedAt": "2025-09-19T15:58:53.141Z",
        "note": ""
      },
      "status": "Issued",
      "requiredBy": "",
      "notes": "",
      "createdBy": "david@dmcc",
      "updatedBy": "david@dmcc",
      "createdAt": "2025-09-19T15:58:40.679Z",
      "updatedAt": "2025-09-19T15:58:53.141Z",
      "version": 1,
      "archived": false
    },
    {
      "poNumber": "M0017",
      "type": "M",
      "supplierId": "sup-1757772285990",
      "supplierSnapshot": {
        "id": "sup-1757772285990",
        "name": "Travis Perkins",
        "address1": "12",
        "address2": "Wherever",
        "city": "Somewhere",
        "postcode": "A1 B23",
        "contactName": "Barry Burgler",
        "contactEmail": "baz@tp.com",
        "contactPhone": "0121 2345 543",
        "vatNumber": "0123446",
        "termsDays": 30
      },
      "costRef": {
        "jobId": "",
        "jobCode": "COL012",
        "costCode": "4760",
        "element": ""
      },
      "title": "asfgad",
      "items": [
        {
          "description": "adfgaega",
          "uom": "nr1",
          "qty": 1,
          "rate": 10000,
          "amount": 10000,
          "costCode": "4760",
          "remarks": ""
        }
      ],
      "subtotal": 10000,
      "vatRateDefault": 0.2,
      "totals": {
        "net": 10000,
        "vatRate": 0.2,
        "gross": 12000
      },
      "approval": {
        "status": "Approved",
        "approver": "david@dmcc",
        "decidedAt": "2025-09-22T15:58:32.809Z",
        "note": ""
      },
      "status": "Issued",
      "requiredBy": "",
      "notes": "",
      "createdBy": "david@dmcc",
      "updatedBy": "david@dmcc",
      "createdAt": "2025-09-22T15:58:25.806Z",
      "updatedAt": "2025-09-22T15:58:32.809Z",
      "version": 1,
      "archived": false
    },
    {
      "poNumber": "M0018",
      "type": "M",
      "supplierId": "sup-brickco",
      "supplierSnapshot": {
        "id": "sup-brickco",
        "name": "BrickCo Merchants",
        "address1": "42 Brick Lane",
        "address2": "",
        "city": "Manchester",
        "postcode": "M1 2AB",
        "contactName": "Paul Brown",
        "contactEmail": "paul@brickco.com",
        "contactPhone": "0161 555 1234",
        "vatNumber": "GB987654321",
        "termsDays": 30
      },
      "costRef": {
        "jobId": "",
        "jobCode": "",
        "costCode": "4500",
        "element": ""
      },
      "title": "Weinerberger Red Wire cut",
      "items": [
        {
          "description": "Weathered Red",
          "uom": "thou",
          "qty": 12,
          "rate": 568,
          "amount": 6816,
          "costCode": "4500",
          "remarks": ""
        },
        {
          "description": "Buff",
          "uom": "thou",
          "qty": 6,
          "rate": 612,
          "amount": 3672,
          "costCode": "4500",
          "remarks": ""
        }
      ],
      "subtotal": 10488,
      "vatRateDefault": 0,
      "totals": {
        "net": 10488,
        "vatRate": 0,
        "gross": 10488
      },
      "approval": {
        "status": "Approved",
        "approver": "david@dmcc",
        "decidedAt": "2025-09-22T17:18:59.991Z",
        "note": ""
      },
      "status": "Issued",
      "requiredBy": "",
      "notes": "",
      "createdBy": "david@dmcc",
      "updatedBy": "david@dmcc",
      "createdAt": "2025-09-22T16:10:51.055Z",
      "updatedAt": "2025-09-22T17:18:59.991Z",
      "version": 1,
      "archived": false
    },
    {
      "poNumber": "M0019",
      "type": "M",
      "supplierId": "sup-1757922988641",
      "supplierSnapshot": {
        "id": "sup-1757922988641",
        "name": "David Morris",
        "address1": "25 Atterton Lane",
        "address2": "",
        "city": "Witherley",
        "postcode": "CV9 3LP",
        "contactName": "David Morris",
        "contactEmail": "dave.morris@europe.com",
        "contactPhone": "07773773606",
        "vatNumber": "",
        "termsDays": 30
      },
      "costRef": {
        "jobId": "",
        "jobCode": "1",
        "costCode": "3210",
        "element": ""
      },
      "title": "",
      "items": [
        {
          "description": "dsffg",
          "uom": "nr",
          "qty": 1,
          "rate": 200,
          "amount": 200,
          "costCode": "3210",
          "remarks": ""
        }
      ],
      "subtotal": 200,
      "vatRateDefault": 0.2,
      "totals": {
        "net": 200,
        "vatRate": 0.2,
        "gross": 240
      },
      "approval": {
        "status": "Pending"
      },
      "status": "Issued",
      "requiredBy": "",
      "notes": "",
      "createdBy": "david@dmcc",
      "updatedBy": "david@dmcc",
      "createdAt": "2025-10-10T15:09:13.407Z",
      "updatedAt": "2025-10-10T15:09:13.407Z",
      "version": 1,
      "archived": false
    },
    {
      "poNumber": "M0020",
      "type": "M",
      "supplierId": "sup-1757772285990",
      "supplierSnapshot": {
        "id": "sup-1757772285990",
        "name": "Travis Perkins",
        "address1": "12",
        "address2": "Wherever",
        "city": "Somewhere",
        "postcode": "A1 B23",
        "contactName": "Barry Burgler",
        "contactEmail": "baz@tp.com",
        "contactPhone": "0121 2345 543",
        "vatNumber": "0123446",
        "termsDays": 30
      },
      "costRef": {
        "jobId": "",
        "jobCode": "01",
        "costCode": "4560",
        "element": ""
      },
      "title": "Block",
      "items": [
        {
          "description": "7n agg",
          "uom": "m2",
          "qty": 500,
          "rate": 11.5,
          "amount": 5750,
          "costCode": "4560",
          "remarks": ""
        }
      ],
      "subtotal": 5750,
      "vatRateDefault": 0,
      "totals": {
        "net": 5750,
        "vatRate": 0,
        "gross": 5750
      },
      "approval": {
        "status": "Pending"
      },
      "status": "Issued",
      "requiredBy": "",
      "notes": "",
      "createdBy": "david@dmcc",
      "updatedBy": "david@dmcc",
      "createdAt": "2025-10-10T16:13:19.718Z",
      "updatedAt": "2025-10-10T16:13:19.718Z",
      "version": 1,
      "archived": false
    },
    {
      "poNumber": "S0005",
      "type": "S",
      "supplierId": "sup-1757772285990",
      "supplierSnapshot": {
        "id": "sup-1757772285990",
        "name": "Travis Perkins",
        "address1": "12",
        "address2": "Wherever",
        "city": "Somewhere",
        "postcode": "A1 B23",
        "contactName": "Barry Burgler",
        "contactEmail": "baz@tp.com",
        "contactPhone": "0121 2345 543",
        "vatNumber": "0123446",
        "termsDays": 30
      },
      "costRef": {
        "jobId": "",
        "jobCode": "",
        "costCode": "2151",
        "element": ""
      },
      "title": "",
      "items": [
        {
          "description": "",
          "uom": "nr",
          "qty": 10,
          "rate": 100,
          "amount": 1000,
          "costCode": "2151",
          "remarks": ""
        }
      ],
      "subtotal": 1000,
      "vatRateDefault": 0.2,
      "totals": {
        "net": 1000,
        "vatRate": 0.2,
        "gross": 1200
      },
      "approval": {
        "status": "Approved",
        "approver": "manager",
        "decidedAt": "2025-10-10T16:55:07.929Z",
        "note": ""
      },
      "status": "Issued",
      "requiredBy": "",
      "notes": "",
      "createdBy": "david@dmcc",
      "updatedBy": "david@dmcc",
      "createdAt": "2025-10-10T16:55:03.405Z",
      "updatedAt": "2025-10-10T16:55:07.929Z",
      "version": 1,
      "archived": false
    },
    {
      "poNumber": "M0021",
      "type": "M",
      "supplierId": "sup-1757772285990",
      "supplierSnapshot": {
        "id": "sup-1757772285990",
        "name": "Travis Perkins",
        "address1": "12",
        "address2": "Wherever",
        "city": "Somewhere",
        "postcode": "A1 B23",
        "contactName": "Barry Burgler",
        "contactEmail": "baz@tp.com",
        "contactPhone": "0121 2345 543",
        "vatNumber": "0123446",
        "termsDays": 30
      },
      "costRef": {
        "jobId": "",
        "jobCode": "1",
        "costCode": "1130",
        "element": ""
      },
      "title": "trert",
      "items": [
        {
          "description": "ert",
          "uom": "nr",
          "qty": 1,
          "rate": 1000,
          "amount": 1000,
          "costCode": "1130",
          "remarks": ""
        }
      ],
      "subtotal": 1000,
      "vatRateDefault": 0.2,
      "totals": {
        "net": 1000,
        "vatRate": 0.2,
        "gross": 1200
      },
      "approval": {
        "status": "Approved",
        "approver": "manager",
        "decidedAt": "2025-10-11T09:45:43.349Z",
        "note": ""
      },
      "status": "Approved",
      "requiredBy": "",
      "notes": "",
      "createdBy": "david@dmcc",
      "createdByEmail": "",
      "createdByName": "",
      "updatedBy": "david@dmcc",
      "createdAt": "2025-10-11T09:45:28.761Z",
      "updatedAt": "2025-10-11T09:45:43.349Z",
      "version": 1,
      "archived": false
    },
    {
      "poNumber": "M0022",
      "type": "M",
      "supplierId": "sup-1761668390138",
      "supplierSnapshot": {
        "id": "sup-1761668390138",
        "name": "Scotts",
        "address1": "29 sfflk",
        "address2": "knk",
        "city": "kn",
        "postcode": "lkj",
        "contactName": "lk",
        "contactEmail": "nlkjn@scots.co.uk",
        "contactPhone": "012563 56356",
        "vatNumber": "0123",
        "termsDays": 30,
        "notes": ""
      },
      "costRef": {
        "jobId": "",
        "jobCode": "COL420",
        "costCode": "4200",
        "element": ""
      },
      "title": "Supply of windows and formers",
      "items": [
        {
          "description": "Plot 1",
          "uom": "nr",
          "qty": 1,
          "rate": 2475,
          "amount": 2475,
          "costCode": "4200"
        },
        {
          "description": "Plot 2",
          "uom": "nr",
          "qty": 1,
          "rate": 2487,
          "amount": 2487,
          "costCode": "4200"
        },
        {
          "description": "Plot 4",
          "uom": "nr",
          "qty": 1,
          "rate": 1254,
          "amount": 1254,
          "costCode": "4200"
        },
        {
          "description": "Sundry items as schedule",
          "uom": "set",
          "qty": 25,
          "rate": 500,
          "amount": 12500,
          "costCode": "4200"
        }
      ],
      "subtotal": 0,
      "vatRateDefault": 0.05,
      "totals": {
        "net": 18716,
        "vatRate": 0.05,
        "gross": 22459.2
      },
      "status": "Approved",
      "createdBy": "david@dmcc",
      "createdByEmail": "",
      "createdByName": "",
      "createdAt": "2025-10-28T16:21:37.504Z",
      "updatedAt": "2025-10-28T18:12:13.128Z",
      "archived": false,
      "approval": {
        "status": "Approved",
        "approver": "manager",
        "decidedAt": "2025-10-28T18:12:13.128Z",
        "note": "OK to proceed"
      }
    },
    {
      "poNumber": "M0023",
      "type": "M",
      "supplierId": "sup-1761747597675",
      "supplierSnapshot": {
        "id": "sup-1761747597675",
        "name": "White Ridge (WRA Ltd)",
        "address1": "Hilton Hall",
        "address2": "Hilton Lane",
        "city": "Essington, Wolverhampton",
        "postcode": "WV11 2BQ",
        "contactName": "Maxine Ridgway",
        "contactEmail": "Maxine@whiteridge.co.uk",
        "contactPhone": "01902 728866",
        "vatNumber": "",
        "termsDays": 30,
        "notes": ""
      },
      "costRef": {
        "jobId": "",
        "jobCode": "0753 - Badsey 35",
        "costCode": "1220",
        "element": ""
      },
      "title": "Architectural Drawings Package",
      "items": [
        {
          "description": "Buxton 30%",
          "uom": "nr",
          "qty": 1,
          "rate": 413.55,
          "amount": 413.55,
          "costCode": "1220"
        },
        {
          "description": "Lyford 30%",
          "uom": "nr",
          "qty": 1,
          "rate": 423,
          "amount": 423,
          "costCode": "1220"
        },
        {
          "description": "Lyford SD 30%",
          "uom": "nr",
          "qty": 1,
          "rate": 423,
          "amount": 423,
          "costCode": "1220"
        },
        {
          "description": "Kane 75%",
          "uom": "nr",
          "qty": 1,
          "rate": 1039.5,
          "amount": 1039.5,
          "costCode": "1220"
        },
        {
          "description": "Laceby 30%",
          "uom": "nr",
          "qty": 1,
          "rate": 634.5,
          "amount": 634.5,
          "costCode": "1220"
        },
        {
          "description": "Harwood 30%",
          "uom": "nr",
          "qty": 1,
          "rate": 741.5,
          "amount": 741.5,
          "costCode": "1220"
        },
        {
          "description": "Peele 30%",
          "uom": "nr",
          "qty": 1,
          "rate": 768.73,
          "amount": 768.73,
          "costCode": "1220"
        },
        {
          "description": "Dawlish 30%",
          "uom": "nr",
          "qty": 1,
          "rate": 811.31,
          "amount": 811.31,
          "costCode": "1220"
        },
        {
          "description": "Raleigh 30%",
          "uom": "nr",
          "qty": 1,
          "rate": 866.25,
          "amount": 866.25,
          "costCode": "1220"
        },
        {
          "description": "Tate 75%",
          "uom": "nr",
          "qty": 1,
          "rate": 705.38,
          "amount": 705.38,
          "costCode": "1220"
        },
        {
          "description": "Silkin 75%",
          "uom": "nr",
          "qty": 1,
          "rate": 424.12,
          "amount": 424.12,
          "costCode": "1220"
        },
        {
          "description": "Sassoon 30%",
          "uom": "nr",
          "qty": 1,
          "rate": 450.45,
          "amount": 450.45,
          "costCode": "1220"
        },
        {
          "description": "Savage 30%",
          "uom": "nr",
          "qty": 1,
          "rate": 382.5,
          "amount": 382.5,
          "costCode": "1220"
        },
        {
          "description": "Opposite hand versions",
          "uom": "nr",
          "qty": 10,
          "rate": 500,
          "amount": 5000,
          "costCode": "1220"
        },
        {
          "description": "Lyford Plot 7",
          "uom": "nr",
          "qty": 1,
          "rate": 705,
          "amount": 705,
          "costCode": "1220"
        },
        {
          "description": "Buxton plot 6",
          "uom": "nr",
          "qty": 1,
          "rate": 689.25,
          "amount": 689.25,
          "costCode": "1220"
        },
        {
          "description": "Savage plot 34",
          "uom": "nr",
          "qty": 1,
          "rate": 637.5,
          "amount": 637.5,
          "costCode": "1220"
        },
        {
          "description": "Post Approval Layout Works",
          "uom": "nr",
          "qty": 35,
          "rate": 125,
          "amount": 4375,
          "costCode": "1220"
        }
      ],
      "subtotal": 19490.54,
      "vatRateDefault": 0.2,
      "totals": {
        "net": 19490.54,
        "vatRate": 0.2,
        "gross": 23388.65
      },
      "approval": {
        "status": "Pending"
      },
      "status": "Issued",
      "requiredBy": "",
      "notes": "",
      "createdBy": "david@dmcc",
      "createdByEmail": "",
      "createdByName": "",
      "updatedBy": "david@dmcc",
      "createdAt": "2025-10-29T14:31:02.622Z",
      "updatedAt": "2025-10-29T14:31:02.622Z",
      "archived": false
    },
    {
      "poNumber": "M0024",
      "type": "M",
      "supplierId": "sup-1761747597675",
      "supplierSnapshot": {
        "id": "sup-1761747597675",
        "name": "White Ridge (WRA Ltd)",
        "address1": "Hilton Hall",
        "address2": "Hilton Lane",
        "city": "Essington, Wolverhampton",
        "postcode": "WV11 2BQ",
        "contactName": "Maxine Ridgway",
        "contactEmail": "Maxine@whiteridge.co.uk",
        "contactPhone": "01902 728866",
        "vatNumber": "",
        "termsDays": 30,
        "notes": ""
      },
      "costRef": {
        "jobId": "",
        "jobCode": "",
        "costCode": "1220",
        "element": ""
      },
      "title": "Architectural Works",
      "items": [
        {
          "description": "Housetypes",
          "uom": "nr",
          "qty": 15,
          "rate": 500,
          "amount": 7500,
          "costCode": "1220"
        }
      ],
      "subtotal": 7500,
      "vatRateDefault": 0.2,
      "totals": {
        "net": 7500,
        "vatRate": 0.2,
        "gross": 9000
      },
      "approval": {
        "status": "Pending"
      },
      "status": "Issued",
      "requiredBy": "",
      "notes": "",
      "createdBy": "david@dmcc",
      "createdByEmail": "",
      "createdByName": "",
      "updatedBy": "david@dmcc",
      "createdAt": "2025-10-30T14:16:56.388Z",
      "updatedAt": "2025-10-30T14:16:56.388Z",
      "archived": false
    },
    {
      "poNumber": "M0025",
      "type": "M",
      "supplierId": "sup-brickco",
      "supplierSnapshot": {
        "id": "sup-brickco",
        "name": "BrickCo Merchants",
        "address1": "42 Brick Lane",
        "address2": "",
        "city": "Manchester",
        "postcode": "M1 2AB",
        "contactName": "Paul Brown",
        "contactEmail": "paul@brickco.com",
        "contactPhone": "0161 555 1234",
        "vatNumber": "GB987654321",
        "termsDays": 30,
        "notes": "Preferred"
      },
      "costRef": {
        "jobId": "job-1761833734301",
        "jobCode": "0753",
        "costCode": "1100",
        "element": ""
      },
      "title": "sf",
      "items": [
        {
          "description": "sdf",
          "uom": "nr",
          "qty": 1,
          "rate": 1100,
          "amount": 1100,
          "costCode": "1100"
        }
      ],
      "subtotal": 1100,
      "vatRateDefault": 0.2,
      "totals": {
        "net": 1100,
        "vatRate": 0.2,
        "gross": 1320
      },
      "approval": {
        "status": "Pending"
      },
      "status": "Issued",
      "requiredBy": "",
      "notes": "",
      "createdBy": "david@dmcc",
      "createdByEmail": "",
      "createdByName": "",
      "updatedBy": "david@dmcc",
      "createdAt": "2025-10-30T14:25:42.152Z",
      "updatedAt": "2025-10-30T14:25:42.152Z",
      "archived": false
    },
    {
      "poNumber": "M0026",
      "type": "M",
      "supplierId": "sup-1757772285990",
      "supplierSnapshot": {
        "id": "sup-1757772285990",
        "name": "Travis Perkins",
        "address1": "12",
        "address2": "Wherever",
        "city": "Somewhere",
        "postcode": "A1 B23",
        "contactName": "Barry Burgler",
        "contactEmail": "baz@tp.com",
        "contactPhone": "0121 2345 543",
        "vatNumber": "0123446",
        "termsDays": 30,
        "notes": "use accounts email accounts@tp.com"
      },
      "costRef": {
        "jobId": "job-1761833734301",
        "jobCode": "0753",
        "costCode": "1160",
        "element": ""
      },
      "job": {
        "id": "job-1761833734301",
        "jobCode": "0753",
        "jobNumber": "",
        "name": "Badsey 35",
        "siteAddress": "Avalon Grove\nBadsey\nWorcs\nWR11 4ZF",
        "siteManager": "",
        "sitePhone": "",
        "client": "",
        "notes": ""
      },
      "title": "Test",
      "items": [
        {
          "description": "Teat",
          "uom": "nr",
          "qty": 1,
          "rate": 1501,
          "amount": 1501,
          "costCode": "1160"
        }
      ],
      "subtotal": 1501,
      "vatRateDefault": 0.2,
      "totals": {
        "net": 1501,
        "vatRate": 0.2,
        "gross": 1801.2
      },
      "approval": {
        "status": "Pending"
      },
      "status": "Issued",
      "requiredBy": "",
      "notes": "",
      "createdBy": "david@dmcc",
      "createdByEmail": "",
      "createdByName": "",
      "updatedBy": "david@dmcc",
      "createdAt": "2025-10-30T15:24:13.085Z",
      "updatedAt": "2025-10-30T15:24:13.085Z",
      "archived": false
    },
    {
      "poNumber": "M0027",
      "type": "M",
      "supplierId": "sup-1757774931281",
      "supplierSnapshot": {
        "id": "sup-1757774931281",
        "name": "Crendon",
        "address1": "52",
        "address2": "rft",
        "city": "frt",
        "postcode": "f12h56",
        "contactName": "hugh",
        "contactEmail": "hugh@crendon.co.uk",
        "contactPhone": "12",
        "vatNumber": "0124557",
        "termsDays": 30,
        "notes": ""
      },
      "costRef": {
        "jobId": "job-1761838905117",
        "jobCode": "0754",
        "costCode": "Cost Code",
        "element": ""
      },
      "job": {
        "id": "job-1761838905117",
        "jobCode": "0754",
        "jobNumber": "",
        "name": "Badsey 36",
        "siteAddress": "Avalon Grove\nBadsey\nWorcester\nWR11 4ZF",
        "siteManager": "",
        "sitePhone": "",
        "client": "",
        "notes": ""
      },
      "title": "sedf",
      "items": [
        {
          "description": "sdf",
          "uom": "nr",
          "qty": 1,
          "rate": 1000,
          "amount": 1000,
          "costCode": "Cost Code"
        }
      ],
      "subtotal": 1000,
      "vatRateDefault": 0.2,
      "totals": {
        "net": 1000,
        "vatRate": 0.2,
        "gross": 1200
      },
      "approval": {
        "status": "Pending"
      },
      "status": "Issued",
      "requiredBy": "",
      "notes": "",
      "createdBy": "david@dmcc",
      "createdByEmail": "",
      "createdByName": "",
      "updatedBy": "david@dmcc",
      "createdAt": "2025-10-30T15:42:04.848Z",
      "updatedAt": "2025-10-30T15:42:04.848Z",
      "archived": false
    },
    {
      "poNumber": "M0028",
      "type": "M",
      "supplierId": "sup-1761747597675",
      "supplierSnapshot": {
        "id": "sup-1761747597675",
        "name": "White Ridge (WRA Ltd)",
        "address1": "Hilton Hall",
        "address2": "Hilton Lane",
        "city": "Essington, Wolverhampton",
        "postcode": "WV11 2BQ",
        "contactName": "Maxine Ridgway",
        "contactEmail": "Maxine@whiteridge.co.uk",
        "contactPhone": "01902 728866",
        "vatNumber": "",
        "termsDays": 30,
        "notes": ""
      },
      "costRef": {
        "jobId": "job-1761833734301",
        "jobCode": "0753",
        "costCode": "1140",
        "element": ""
      },
      "job": {
        "id": "job-1761833734301",
        "jobCode": "0753",
        "jobNumber": "",
        "name": "Badsey 35",
        "siteAddress": "Avalon Grove\nBadsey\nWorcs\nWR11 4ZF",
        "siteManager": "",
        "sitePhone": "",
        "client": "",
        "notes": ""
      },
      "title": "arc",
      "items": [
        {
          "description": "asdf",
          "uom": "nr",
          "qty": 1,
          "rate": 1000,
          "amount": 1000,
          "costCode": "1140"
        },
        {
          "description": "sdf",
          "uom": "nr",
          "qty": 2,
          "rate": 5000,
          "amount": 10000,
          "costCode": "1140"
        },
        {
          "description": "lknjkn",
          "uom": "nr",
          "qty": 5,
          "rate": 10,
          "amount": 50,
          "costCode": "1140"
        }
      ],
      "subtotal": 11050,
      "vatRateDefault": 0.2,
      "totals": {
        "net": 11050,
        "vatRate": 0.2,
        "gross": 13260
      },
      "approval": {
        "status": "Pending"
      },
      "status": "Issued",
      "requiredBy": "",
      "notes": "",
      "createdBy": "david@dmcc",
      "createdByEmail": "",
      "createdByName": "",
      "updatedBy": "david@dmcc",
      "createdAt": "2025-10-30T16:15:50.722Z",
      "updatedAt": "2025-10-30T16:15:50.722Z",
      "archived": false
    },
    {
      "poNumber": "M0029",
      "type": "M",
      "supplierId": "sup-1757772285990",
      "supplierSnapshot": {
        "id": "sup-1757772285990",
        "name": "Travis Perkins",
        "address1": "12",
        "address2": "Wherever",
        "city": "Somewhere",
        "postcode": "A1 B23",
        "contactName": "Barry Burgler",
        "contactEmail": "baz@tp.com",
        "contactPhone": "0121 2345 543",
        "vatNumber": "0123446",
        "termsDays": 30,
        "notes": "use accounts email accounts@tp.com"
      },
      "costRef": {
        "jobId": "job-1761833734301",
        "jobCode": "0753",
        "costCode": "1100",
        "element": ""
      },
      "job": {
        "id": "job-1761833734301",
        "jobCode": "0753",
        "jobNumber": "",
        "name": "Badsey 35",
        "siteAddress": "Avalon Grove\nBadsey\nWorcs\nWR11 4ZF",
        "siteManager": "",
        "sitePhone": "",
        "client": "",
        "notes": ""
      },
      "title": "How long can this decription be and will it printo uout properly on the PDF order front page accordingly>",
      "items": [
        {
          "description": "1",
          "uom": "nr",
          "qty": 1,
          "rate": 1,
          "amount": 1,
          "costCode": "1100"
        }
      ],
      "subtotal": 1,
      "vatRateDefault": 0.2,
      "totals": {
        "net": 1,
        "vatRate": 0.2,
        "gross": 1.2
      },
      "approval": {
        "status": "Pending"
      },
      "status": "Issued",
      "requiredBy": "",
      "notes": "",
      "createdBy": "david@dmcc",
      "createdByEmail": "",
      "createdByName": "",
      "updatedBy": "david@dmcc",
      "createdAt": "2025-10-30T16:19:32.385Z",
      "updatedAt": "2025-10-30T16:19:32.385Z",
      "archived": false
    }
  ]
}