[
  {
    "id": "sup-1762437930478",
    "name": "Infrastructure Gateway",
    "address1": "Vantage House",
    "address2": "2700 Kettering Parkway",
    "city": "Kettering",
    "postcode": "NN15 6XR",
    "contactName": "Daisy Dall",
    "contactEmail": "DaisyD@igl.co.uk",
    "contactPhone": "07932 796590",
    "vatNumber": "",
    "termsDays": 30,
    "notes": "",
    "createdAt": "2025-11-06T14:05:30.479Z",
    "updatedAt": "2025-11-06T14:05:30.479Z"
  },
  {
    "id": "sup-1762434683691",
    "name": "Joe Bloggs The Chippie",
    "address1": "30 Harborough Road",
    "address2": "kingsthorpe",
    "city": "Northampton",
    "postcode": "NN2 7AZ",
    "contactName": "Joe",
    "contactEmail": "joe@joebloggscarpentry.co.uk",
    "contactPhone": "07862 65542645",
    "vatNumber": "",
    "termsDays": 30,
    "notes": "Needs RAMS Checking",
    "createdAt": "2025-11-06T13:11:23.691Z",
    "updatedAt": "2025-11-06T13:11:23.691Z"
  },
  {
    "id": "sup-acme",
    "name": "Acme Supplies Ltd",
    "address1": "1 Acme Way",
    "address2": "",
    "city": "Birmingham",
    "postcode": "B1 1AA",
    "contactName": "Jo Smith",
    "contactEmail": "jo@acme.co.uk",
    "contactPhone": "01234 567890",
    "vatNumber": "GB123456789",
    "termsDays": 30,
    "notes": ""
  },
  {
    "id": "sup-brickco",
    "name": "BrickCo Merchants",
    "address1": "42 Brick Lane",
    "address2": "",
    "city": "Manchester",
    "postcode": "M1 2AB",
    "contactName": "Paul Brown",
    "contactEmail": "paul@brickco.com",
    "contactPhone": "0161 555 1234",
    "vatNumber": "GB987654321",
    "termsDays": 30,
    "notes": "Preferred"
  },
  {
    "id": "sup-1757772285990",
    "name": "Travis Perkins",
    "address1": "12",
    "address2": "Wherever",
    "city": "Somewhere",
    "postcode": "A1 B23",
    "contactName": "Barry Burgler",
    "contactEmail": "baz@tp.com",
    "contactPhone": "0121 2345 543",
    "vatNumber": "0123446",
    "termsDays": 30,
    "notes": "use accounts email accounts@tp.com"
  },
  {
    "id": "sup-1757773124441",
    "name": "test",
    "address1": "12",
    "address2": "turtle",
    "city": "terapin",
    "postcode": "tu1p25",
    "contactName": "Terry",
    "contactEmail": "terry@turtletest",
    "contactPhone": "012454896",
    "vatNumber": "12457895",
    "termsDays": 30,
    "notes": "whatever"
  },
  {
    "id": "sup-1757773272336",
    "name": "test 2",
    "address1": "1",
    "address2": "1",
    "city": "1",
    "postcode": "1",
    "contactName": "t",
    "contactEmail": "barry@barry.com",
    "contactPhone": "212",
    "vatNumber": "0",
    "termsDays": 30,
    "notes": "ss"
  },
  {
    "id": "sup-1757773995987",
    "name": "test 3",
    "address1": "1",
    "address2": "kjh",
    "city": "kjjh",
    "postcode": "kjjh",
    "contactName": "hh",
    "contactEmail": "h@g.com",
    "contactPhone": "wsfwefw",
    "vatNumber": "123",
    "termsDays": 30,
    "notes": ""
  },
  {
    "id": "sup-1757774931281",
    "name": "Crendon",
    "address1": "52",
    "address2": "rft",
    "city": "frt",
    "postcode": "f12h56",
    "contactName": "hugh",
    "contactEmail": "hugh@crendon.co.uk",
    "contactPhone": "12",
    "vatNumber": "0124557",
    "termsDays": 30,
    "notes": ""
  },
  {
    "id": "sup-1757922988641",
    "name": "David Morris",
    "address1": "25 Atterton Lane",
    "address2": "",
    "city": "Witherley",
    "postcode": "CV9 3LP",
    "contactName": "David Morris",
    "contactEmail": "dave.morris@europe.com",
    "contactPhone": "07773773606",
    "vatNumber": "",
    "termsDays": 30,
    "notes": ""
  },
  {
    "id": "sup-1761668390138",
    "name": "Scotts",
    "address1": "29 sfflk",
    "address2": "knk",
    "city": "kn",
    "postcode": "lkj",
    "contactName": "lk",
    "contactEmail": "nlkjn@scots.co.uk",
    "contactPhone": "012563 56356",
    "vatNumber": "0123",
    "termsDays": 30,
    "notes": ""
  },
  {
    "id": "sup-1761747597675",
    "name": "White Ridge (WRA Ltd)",
    "address1": "Hilton Hall",
    "address2": "Hilton Lane",
    "city": "Essington, Wolverhampton",
    "postcode": "WV11 2BQ",
    "contactName": "Maxine Ridgway",
    "contactEmail": "Maxine@whiteridge.co.uk",
    "contactPhone": "01902 728866",
    "vatNumber": "",
    "termsDays": 30,
    "notes": ""
  }
]